
-- Tabla cursos disponibles
INSERT INTO cursos_Disponibles (Nomnbre_Curso, Estado_Curso) VALUES 
('Open Water Diver', true),
('Advanced Open Water Diver', true),
('Rescue Diver', true),
('Divemaster', true),
('Enriched Air Diver', true),
('Deep Diver', true),
('Wreck Diver', true),
('Night Diver', true),
('Underwater Photographer', true),
('Underwater Naturalist', true),
('Peak Performance Buoyancy', true),
('Underwater Navigator', true),
('Underwater Videographer', true),
('Drift Diver', true),
('Fish Identification', true),
('Project AWARE Specialist', true),
('Search and Recovery Diver', true),
('Ice Diver', true),
('TecRec', true),
('Adaptive Techniques', true),
('Equipment Specialist', true),
('Gas Blender', true),
('Coral Reef Conservation', true),
('Digital Underwater Photography', true),
('Public Safety Diver', true),
('Underwater Archaeologist', true),
('Shark Conservation', true),
('Underwater Cave Diver', true),
('Full Face Mask Diver', true),
('Self-Reliant Diver', true);

-- Talles
INSERT INTO Talles (Talle) VALUES 
('12 Litros'),
('15 Litros'),
('Unico'),
('XS'),
('SM'),
('SL'),
('MD'),
('ML'),
('LG'),
('XL'),
('Regular'),
('S'),
('M'),
('L'),
('XL');
-- Alumnos  100
INSERT INTO alumnos (Nombre, Apellido, Fecha_Nac) VALUES
('Juan', 'Pérez', '1960-05-15'),
('María', 'Gómez', '1970-08-20'),
('Carlos', 'López', '1965-12-10'),
('Lautaro', 'Fernández', '1970-07-12'),
('Valentina', 'González', '1975-05-28'),
('Mateo', 'Alvarez', '1980-09-03'),
('Catalina', 'Romero', '1985-11-15'),
('Thiago', 'Martínez', '1990-03-20'),
('Sofía', 'Díaz', '1988-08-10'),
('Benjamín', 'Pereyra', '1992-01-04'),
('Emma', 'Suárez', '1983-12-22'),
('Joaquín', 'Luna', '1987-06-08'),
('Renata', 'Rojas', '1990-04-17'),
('Lucas', 'Mendoza', '1985-10-07'),
('Martina', 'López', '1990-12-18'),
('Agustín', 'Sosa', '1988-09-25'),
('Victoria', 'Ibarra', '1965-04-30'),
('Facundo', 'Torres', '1987-07-14'),
('Camila', 'Paz', '1985-11-03'),
('Ramiro', 'Giménez', '1990-02-09'),
('Abril', 'Fuentes', '1988-08-22'),
('Gonzalo', 'Cabrera', '1982-06-11'),
('Constanza', 'Rivas', '1987-05-26'),
('Luis', 'García', '1985-07-05'),
('Ariana', 'Hernández', '1992-10-12'),
('Emilio', 'Sánchez', '1970-03-18'),
('Daniela', 'Martínez', '1995-06-25'),
('Maximiliano', 'Ríos', '1987-09-07'),
('Florencia', 'Alonso', '1980-12-01'),
('Gabriel', 'Moreno', '1992-02-15'),
('Natalia', 'Rojas', '1983-05-22'),
('Javier', 'Gutierrez', '1990-08-28'),
('Micaela', 'Silva', '1985-11-11'),
('Federico', 'Cáceres', '1990-01-14'),
('Ana', 'Vázquez', '1987-04-19'),
('Ezequiel', 'Pérez', '1982-10-03'),
('Lara', 'Fernández', '1990-03-08'),
('Leonardo', 'Gómez', '1986-06-15'),
('Renata', 'Díaz', '1989-09-30'),
('Santiago', 'Alvarez', '1982-12-12'),
('Martina', 'Romero', '1995-02-17'),
('Agustina', 'Suárez', '1989-05-25'),
('Sebastián', 'Luna', '1979-08-11'),
('Carolina', 'Pereyra', '1991-01-06'),
('Tobías', 'Ibarra', '1985-04-13'),
('Julieta', 'Torres', '1990-07-20'),
('Diego', 'Santos', '1988-08-05'),
('Valeria', 'Castro', '1983-11-10'),
('Matías', 'Flores', '1992-04-15'),
('Luciana', 'Molina', '1987-07-20'),
('Facundo', 'Giménez', '1990-10-25'),
('Abril', 'López', '1983-01-30'),
('Germán', 'Martín', '1991-03-06'),
('Candela', 'Rodríguez', '1988-06-11'),
('Bruno', 'Gutiérrez', '1965-09-16'),
('Juliana', 'Luna', '1993-02-21'),
('Alan', 'Díaz', '1987-05-26'),
('Melina', 'Alonso', '1986-08-31'),
('Santino', 'Ríos', '1991-12-05'),
('Delfina', 'Fernández', '1988-03-10'),
('Emanuel', 'Pérez', '1985-06-15'),
('Isabella', 'Gómez', '1996-09-20'),
('Lucas', 'Silva', '1992-12-25'),
('Camila', 'Romero', '1991-04-01'),
('Renzo', 'Suárez', '1996-07-07'),
('Antonella', 'López', '1993-10-12'),
('Joaquín', 'Martínez', '1988-01-17'),
('Martina', 'Pereyra', '1995-04-22'),
('Enzo', 'Ibarra', '1992-07-27'),
('Lorena', 'Gutiérrez', '1997-01-20'),
('Matías', 'Morales', '1998-03-15'),
('Valentina', 'López', '1999-05-10'),
('Luciano', 'Suárez', '2000-07-25'),
('Julieta', 'Martínez', '2001-09-30'),
('Gabriel', 'Gómez', '1973-08-28'),
('Ignacio', 'Martínez', '1998-02-12'),
('Marina', 'Rodríguez', '2000-11-05'),
('Facundo', 'López', '2003-07-18'),
('Renata', 'García', '1997-09-23'),
('Lucas', 'Torres', '2005-04-30'),
('Luciana', 'Martínez', '1994-08-02'),
('Tomás', 'Gómez', '1999-01-25'),
('Agustina', 'Fernández', '1993-07-11'),
('Francisco', 'Rodríguez', '1998-04-18'),
('Lucas', 'Santos', '1996-12-09'),
('Abril', 'Pérez', '2002-10-03'),
('Diego', 'López', '2001-05-15'),
('Sofía', 'Martínez', '1997-03-28'),
('Mariano', 'Gómez', '2000-11-20'),
('Julieta', 'Alvarez', '1995-09-07'),
('Emilia', 'Fernández', '1997-02-14'),
('Lautaro', 'Romero', '1996-06-27'),
('Carolina', 'Gutiérrez', '2004-08-22'),
('Agustín', 'Suárez', '1999-12-01'),
('Valentín', 'Martínez', '2003-04-05'),
('Martina', 'Torres', '1998-10-17'),
('Joaquín', 'Martín', '1996-07-30'),
('Isabella', 'Díaz', '2000-03-12'),
('Matías', 'López', '1997-11-28'),
('Camila', 'Fernández', '1999-08-15'),
('Lucas', 'García', '1998-02-28'),
('Sofía', 'Pérez', '1999-07-10'),
('Martín', 'Gómez', '2001-05-18'),
('Renata', 'López', '1998-09-22'),
('Bruno', 'Fernández', '2002-03-15'),
('Julieta', 'Martínez', '2000-11-28'),
('Facundo', 'Rodríguez', '1997-04-05'),
('Luciana', 'García', '2003-01-12'),
('Santiago', 'Alonso', '1996-08-30'),
('Valentina', 'Romero', '2004-02-24'),
('Nicolás', 'Torres', '1995-12-17'),
('Victoria', 'Suárez', '2002-10-08'),
('Matías', 'Díaz', '1997-06-20'),
('Micaela', 'Gutiérrez', '2001-09-14'),
('Franco', 'Paz', '1994-07-03'),
('Romina', 'Martínez', '1998-04-25'),
('Tomás', 'Luna', '2005-03-07'),
('Celeste', 'Gómez', '1996-11-11'),
('Juan Pablo', 'Alvarez', '1993-05-29'),
('Agustina', 'Ibarra', '2000-08-02'),
('Ignacio', 'Rojas', '1992-12-08');

-- Instructores]
INSERT INTO Instructores (Nombre, Apellido, Fecha_Nac, Registro_Buzo, Rango, Estado) 
VALUES 
    ('Gus', 'Gurmach', '1990-05-15', '123456', 'OWSI', '1'),
    ('Pablo', 'Casestero', '1985-08-20', '789012', 'Master', '1'),
    ('Pablo', 'Botelli', '1992-02-10', '345678', 'Course Director', '0'),
    ('Firu', 'Pipon', '1990-08-12', '6535', 'OWSI', '1'),
    ('mara', 'gijon', '1991-01-01', '45321', 'OWSI', '0'),
    ('milo', 'fernández', '1992-02-02', '22321', 'OWSI', '1'),
    ('miguel', 'Roque', '1993-03-03', '353634', 'Staff', '1'),
    ('guillermo', 'Belasteguin', '1994-04-04', '454840', 'Staff', '1');

-- Viajes Escuela
INSERT INTO Viajes_Escuela (Destino, Fecha_Inicio, Fecha_Fin) VALUES 
('Las Grutas', '2021-04-01', '2021-04-10'),
('Playa del Carmen', '2022-05-15', '2022-05-22'),
('Arraial do Cabo', '2023-06-10', '2023-06-20'),
('Cancún', '2017-09-20', '2017-09-28'),
('Isla Cozumel', '2018-03-12', '2018-03-20'),
('Great Barrier Reef', '2019-07-05', '2019-07-15'),
('Maldivas', '2020-10-10', '2020-10-18'),
('Roatán', '2021-12-05', '2021-12-15'),
('Utila', '2022-08-20', '2022-08-28'),
('Puerto Galera', '2023-04-15', '2023-04-25'),
('Belize', '2024-01-10', '2024-01-18'),
('Las Grutas', '2018-05-05', '2018-05-15'),
('Las Grutas', '2019-06-01', '2019-06-10'),
('Las Grutas', '2020-04-20', '2020-04-30');


-- Cursos Dictatos
INSERT INTO Cursos_Dictados (Codigo_Curso, Fecha_Inicio, Dias_Cursada, Estado) VALUES 
(1, '2023-06-05', 'L-M-V', 0),
(1, '2023-08-15', 'S-D', 0),
(1, '2023-10-20', 'L-X-V', 0),
(1, '2023-12-01', 'S-D', 0),
(2, '2023-07-10', 'M-J', 0),
(2, '2023-09-20', 'L-M-V', 0),
(1, '2023-08-01', 'S-D', 0),
(2, '2023-10-15', 'L-X-V', 0),
(1, '2023-09-05', 'M-J', 0),
(2, '2023-11-15', 'L-M-V', 0),
(1, '2023-07-20', 'S-D', 0),
(2, '2023-09-25', 'L-X-V', 0),
(1, '2023-08-10', 'M-J', 0),
(2, '2023-10-20', 'L-M-V', 0),
(8, '2023-09-01', 'S-D', 0),
(2, '2023-07-15', 'L-X-V', 0),
(1, '2023-08-05', 'M-J', 0),
(3, '2023-09-10', 'L-M-V', 0),
(1, '2023-07-25', 'S-D', 0),
(2, '2023-08-20', 'L-X-V', 0),
(11, '2023-09-05', 'M-J', 0),
(6, '2023-10-10', 'L-M-V', 0),
(1, '2023-08-15', 'S-D', 0),
(2, '2023-09-30', 'L-X-V', 0),
(1, '2023-10-05', 'M-J', 0),
(2, '2023-11-20', 'L-M-V', 0),
(9, '2023-09-15', 'S-D', 0),
(3, '2023-10-25', 'L-X-V', 0),
(1, '2023-11-01', 'M-J', 0),
(4, '2023-12-10', 'L-M-V', 0),
(1, '2023-09-20', 'S-D', 0),
(2, '2023-11-05', 'L-X-V', 0),
(1, '2023-12-15', 'M-J', 0),
(2, '2024-01-10', 'L-M-V', 0),
(3, '2024-02-01', 'S-D', 0),
(4, '2024-02-15', 'L-M-V', 0),
(5, '2024-03-01', 'M-J', 0),
(6, '2024-03-15', 'S-D', 0),
(1, '2024-03-30', 'J', 1),
(4, '2024-04-10', 'M-J', 1),
(3, '2024-04-25', 'S', 1),
(1, '2024-05-05', 'L-V', 1),
(1, '2024-05-20', 'Ma', 1),
(2, '2024-05-10', 'J-V', 1),
(2, '2024-06-15', 'L-M-V', 0),
(3, '2024-06-25', 'S-D', 0),
(4, '2024-07-05', 'L-X-V', 0);



-- Alumnos Cursando  80
INSERT INTO Alumnos_Cursando (ID_Alumno, ID_Curso) VALUES

(1, 1), (2, 1), (3, 1), (4, 1), (5, 1),
(11, 2), (12, 2), (13, 2), (14, 2), (15, 2),
(16, 3), (17, 3), (18, 3), (19, 3), (20, 3),
(21, 4), (22, 4), (23, 4), (24, 4), (25, 4),
(31, 5), (32, 5), (33, 5), (34, 5), (35, 5),
(36, 6), (37, 6), (38, 6), (39, 6), (40, 6),
(41, 7), (42, 7), (43, 7), (44, 7), (45, 7),
(46, 8), (47, 8), (48, 8), (49, 8), (50, 8),
(51, 9), (52, 9), (53, 9), (54, 9), (55, 9),
(56, 10), (57, 10), (58, 10), (59, 10), (60, 10),
(61, 11), (62, 11), (63, 11), (64, 11), (65, 11),
(66, 12), (67, 12), (68, 12), (69, 12), (70, 12),
(71, 13), (72, 13), (73, 13), (74, 13), (75, 13),
(76, 14), (77, 14), (78, 14), (79, 14), (80, 14),
(81, 15), (82, 15), (83, 15), (84, 15), (85, 15),
(86, 16), (87, 16), (88, 16), (89, 16), (90, 16),
(91, 17), (92, 17), (93, 17), (94, 17), (95, 17),
(96, 18), (97, 18), (98, 18), (99, 18), (100, 18),
(101, 19), (102, 19), (103, 19), (104, 19), (105, 19),
(106, 20), (107, 20), (108, 20), (109, 20), (110, 20),
(111, 21), (112, 21), (113, 21), (114, 21), (115, 21),
(116, 22), (117, 22), (118, 22), (119, 22), (120, 22),
(121, 23),(6, 10), (7, 10), (8, 10), (9, 10), (10, 10),
(26, 6), (27, 6), (28, 6), (29, 6), (30, 6),(1, 5), (2, 5), (3, 5), (4, 5),
 (5, 5), (6, 6), (7, 6), (8, 6), (9, 6), (10, 6),
(11, 8), (12, 8), (13, 8), (14, 8), (15, 8), (16, 10), (17, 10), (18, 10), (19, 10), (20, 10),
(21, 12), (22, 12), (23, 12), (24, 12), (25, 12), (26, 14), (27, 14), (28, 14), (29, 14), (30, 14),
(31, 16), (32, 16), (33, 16), (34, 16), (35, 16), (36, 20), (37, 20), (38, 20), (39, 20), (40, 20),
(41, 25), (42, 25), (43, 25), (44, 25), (45, 25), (46, 28), (47, 28), (48, 28), (49, 28), (50, 28),
(51, 30), (52, 30), (53, 30), (54, 30), (55, 30), (56, 32), (57, 32), (58, 32), (59, 32), (60, 32),
(61, 5), (62, 5), (63, 5), (64, 5), (65, 5), (66, 6), (67, 6), (68, 6), (69, 6), (70, 6),
(71, 8), (72, 8), (73, 8), (74, 8), (75, 8), (76, 10), (77, 10), (78, 10), (79, 10), (80, 10),
(81, 12), (82, 12), (83, 12), (84, 12), (85, 12), (86, 14), (87, 14), (88, 14), (89, 14), (90, 14),
(91, 16), (92, 16), (93, 16), (94, 16), (95, 16), (96, 20), (97, 20), (98, 20), (99, 20), (100, 20),
(101, 25), (102, 25), (103, 25), (104, 25), (105, 25), (106, 28), (107, 28), (108, 28), (109, 28), (110, 28),
(111, 30), (112, 30), (113, 30), (114, 30), (115, 30), (116, 32), (117, 32), (118, 32), (119, 32), (120, 32),
(121, 5),(21, 19), (22, 19), (23, 19), (24, 19), (25, 19),
(41, 26), (42, 26), (43, 26), (44, 26), (45, 26),
(61, 29), (62, 29), (63, 29), (64, 29), (65, 29),(23, 36), (24, 36), (41, 36), (42, 36), (61, 36), (62, 36),
(23, 40), (24, 40), (41, 40), (42, 40), (61, 40), (62, 40),
(23, 47), (24, 47), (41, 47), (42, 47), (61, 47), (62, 47);






-- Cursos Asignados
INSERT INTO Cursos_Asignados (ID_Instructor, ID_Curso)
VALUES 
    (1, 1),
    (2, 2),
    (3, 3),
    (4, 4),
    (5, 5),
    (6, 6),
    (7, 7),
    (1, 8),
    (2, 9),
    (3, 10),
    (4, 11),
    (5, 12),
    (6, 13),
    (7, 14),
    (1, 15),
    (2, 16),
    (3, 17),
    (4, 18),
    (5, 19),
    (6, 20),
    (7, 21),
    (1, 22),
    (2, 23),
    (3, 24),
    (4, 25),
    (5, 26),
    (6, 27),
    (7, 28),
    (1, 29),
    (2, 30),
    (3, 31),
    (4, 32),
    (5, 33),
    (6, 34),
    (7, 35),
    (1, 36),
    (2, 37),
    (3, 38),
    (4, 39),
    (5, 40),
    (6, 41),
    (7, 42),
    (1, 43),
    (2, 44),
    (3, 45),
    (4, 46),
    (5, 47);

-- Viaje Instructor
INSERT INTO Viajes_Instructor (ID_Instructor, ID_Viaje) VALUES 
    (1, 8),
    (2, 9),
    (3, 10),
    (6, 1),
    (7, 2),
    (8, 3),
    (4, 4),
    (1, 5),
    (1, 6),
    (2, 7),
    (3, 11),
    (6, 12),
    (7, 13),
    (8, 14);


-- Viaje Alumno
INSERT INTO Alumnos_Asignados (ID_Viaje, ID_Alumno, Estado_Pago) VALUES 
(1, 1, 301), (1, 2, 500), (1, 3, 700), (1, 4, 1000), (1, 5, 1500),
(2, 6, 400), (2, 7, 1000), (2, 8, 800), (2, 9, 1100), (2, 10, 1300),
(3, 11, 1500), (3, 12, 2000), (3, 13, 2200), (3, 14, 2400), (3, 15, 2499),
(4, 16, 320), (4, 17, 600), (4, 18, 900), (4, 19, 1200), (4, 20, 1700),
(5, 21, 400), (5, 22, 800), (5, 23, 1000), (5, 24, 1500), (5, 25, 2000),
(6, 26, 300), (6, 27, 600), (6, 28, 900), (6, 29, 1200), (6, 30, 1500),
(7, 31, 250), (7, 32, 500), (7, 33, 800), (7, 34, 1000), (7, 35, 1400),
(8, 36, 350), (8, 37, 700), (8, 38, 1000), (8, 39, 1200), (8, 40, 1600),
(9, 41, 400), (9, 42, 750), (9, 43, 1100), (9, 44, 1300), (9, 45, 1800),
(10, 46, 300), (10, 47, 650), (10, 48, 900), (10, 49, 1100), (10, 50, 1600),
(11, 51, 400), (11, 52, 800), (11, 53, 1000), (11, 54, 1500), (11, 55, 2000),
(12, 56, 400), (12, 57, 850), (12, 58, 1100), (12, 59, 1300), (12, 60, 1800),
(13, 61, 320), (13, 62, 600), (13, 63, 900), (13, 64, 1200), (13, 65, 1700),
(14, 66, 400), (14, 67, 700), (14, 68, 1000), (14, 69, 1200), (14, 70, 1500);




-- Equipo_Disponible
INSERT INTO Equipo_Disponible (Nombre_Equipo) VALUES
('Tanque'),
('Regulador'),
('Chaleco BCD'),
('Traje de Neopreno'),
('Aletas'),
('Máscara'),
('Tubo de Snorkel'),
('Computadora'),
('Traje Seco');


-- Equipo_Para_Ventas
INSERT INTO Equipo_Para_Ventas (Tipo_Equipo, Talle, Marca, Cantidad, Precio) VALUES
(1, 1, 'Coltri', 5, 300.00),
(1, 2, 'Coltri', 3, 350.00),
(2, 3, 'Cressi', 7, 400.00),
(2, 3, 'Mares', 4, 380.00),
(3, 7, 'Oceanic', 6, 250.00),
(3, 4, 'Seac', 6, 250.00),
(3, 5, 'Seac', 6, 250.00),
(3, 8, 'Apeks', 2, 300.00),
(4, 13, 'Fourth Element', 8, 200.00),
(4, 14, 'Cressi', 5, 180.00),
(5, 14, 'Scubapro', 10, 120.00),
(5, 13, 'Mares', 6, 130.00),
(5, 11, 'Aqualung', 3, 80.00),
(5, 13, 'Cressi', 4, 90.00),
(5, 14, 'Cressi', 10, 90.00),
(5, 15, 'Cressi', 3, 90.00),
(7, 3, 'Mares', 15, 30.00),
(6, 3, 'Cressi', 12, 35.00),
(8, 3, 'Suunto', 6, 400.00),
(8, 3, 'Oceanic', 8, 420.00);

-- Venta_Equipo
INSERT INTO venta_equipo(Id_Equipo_Vendido,ID_Alumno,Cantidad) values
 (1,1,1), 
 (2, 2,1),
(3, 3,1),
 (2,1,1),
 (5,6,1),
 (8,2,1),
 (4,12,1),
 (8,2,1);

-- Equipo
INSERT INTO Equipo (Tipo_Equipo, Talle, Marca, Estado, ULTIMO_MANTENIMIENTO, Fecha_Compra, Ultima_Inspeccion, Dueño, Observacion) VALUES
(1, 1, 'Aqualung', true, '2023-12-15', '2023-01-20', '2023-11-28', 'Divecenter', 'Ninguna'),
(1, 2, 'Scubapro', true, '2023-10-20', '2023-02-10', '2023-09-05', 'Divecenter', 'Inspección próxima en diciembre de 2024'),
(2, '11', 'Cressi', true, '2023-11-30', '2023-03-25', '2023-10-10', 'Divecenter', 'Servicio de mantenimiento requerido'),
(2, '11', 'Mares', true, '2023-09-25', '2023-04-15', '2023-08-08', 'Divecenter', 'Buen estado general'),
(3, '4', 'Oceanic', true, '2023-12-10', '2023-05-20', '2023-11-15', 'Divecenter', 'Correa de hombro derecha necesita reparación'),
(3, '4', 'Apeks', true, '2023-10-05', '2023-06-30', '2023-09-25', 'Divecenter', 'Cierre frontal desgastado'),
(3, '5', 'Seac', true, '2023-10-05', '2023-06-30', '2023-09-25', 'Divecenter', 'Cierre frontal desgastado'),
(3, '5', 'Seac', true, '2023-10-05', '2023-06-30', '2023-09-25', 'Divecenter', 'Tira de velcro floja'),
(3, '7', 'Seac', true, '2023-10-05', '2023-06-30', '2023-09-25', 'Divecenter', 'Nuevo'),
(3, '7', 'Seac', true, '2023-10-05', '2023-06-30', '2023-09-25', 'Divecenter', 'Nuevo'),
(3, '7', 'Seac', true, '2023-10-05', '2023-06-30', '2023-09-25', 'Divecenter', 'Nuevo'),
(3, '8', 'Seac', true, '2023-10-05', '2023-06-30', '2023-09-25', 'Divecenter', 'Nuevo'),
(3, '8', 'Seac', true, '2023-10-05', '2023-06-30', '2023-09-25', 'Divecenter', 'Nuevo'),
(3, '7', 'Seac', true, '2023-10-05', '2023-06-30', '2023-09-25', 'Divecenter', 'Nuevo'),
(3, '9', 'Seac', true, '2023-10-05', '2023-06-30', '2023-09-25', 'Divecenter', 'Nuevo'),
(3, '10', 'Seac', true, '2023-10-05', '2023-06-30', '2023-09-25', 'Divecenter', 'Nuevo'),
(3, '9', 'Seac', true, '2023-10-05', '2023-06-30', '2023-09-25', 'Divecenter', 'Nuevo'),
(4, '13', 'Fourth Element', true, '2023-11-28', '2023-07-10', '2023-11-05', 'Divecenter', 'Pequeño rasguño en la manga izquierda'),
(4, '14', 'Cressi', true, '2023-09-15', '2023-08-05', '2023-08-25', 'Divecenter', 'Poco uso, como nuevo'),
(5, '12', 'Scubapro', true, NULL, '2023-09-15', '2023-08-25', 'Divecenter', 'Correa de talón izquierdo rota'),
(5, '13', 'Mares', true, NULL, '2023-09-15', '2023-08-25', 'Divecenter', 'Ajuste perfecto'),
(6, '13', 'Cressi', true, NULL, '2023-09-15', '2023-08-25', 'Divecenter', 'Impecable'),
(6, '13', 'Cressi', true, NULL, '2023-09-15', '2023-08-25', 'Divecenter', 'En buen Estado'),
(6, '13', 'Cressi', true, NULL, '2023-09-15', '2023-08-25', 'Divecenter', 'Nueva'),
(6, '11', 'Aqualung', true, NULL, '2023-09-15', '2023-08-25', 'Divecenter', 'Lentes antivaho'),
(6, '13', 'Cressi', true, NULL, '2023-09-15', '2023-08-25', 'Divecenter', 'Banda elástica desgastada'),
(7, 3, 'Mares', true, NULL, '2023-09-15', '2023-08-25', 'Divecenter', 'Válvula de purga con fugas'),
(7, 3, 'Cressi', true, NULL, '2023-09-15', '2023-08-25', 'Divecenter', 'Boquilla de silicona suave'),
(8, 3, 'Suunto', true, NULL, '2023-09-15', '2023-08-25', 'Divecenter', 'Pantalla LCD con pequeño arañazo'),
(8, 3, 'Oceanic', true, NULL, '2023-09-15', '2023-08-25', 'Divecenter', 'Interfaz de usuario intuitiva'),
(9, '13', 'Fourth Element', true, '2023-11-28', '2023-07-10', '2023-11-05', 'Divecenter', 'Pequeño rasguño en la manga izquierda'),
(9, '14', 'Fourth Element', true, '2023-11-28', '2023-07-10', '2023-11-05', 'Divecenter', 'Nuevo'),
(9, '13', 'Fourth Element', true, '2023-11-28', '2023-07-10', '2023-11-05', 'Divecenter', 'Nuevo'),
(9, '13', 'Fourth Element', true, '2023-11-28', '2023-07-10', '2023-11-05', 'Divecenter', 'Nuevo'),
(9, '13', 'Fourth Element', true, '2023-11-28', '2023-07-10', '2023-11-05', 'Divecenter', 'Nuevo'),
(9, '14', 'Fourth Element', true, '2023-11-28', '2023-07-10', '2023-11-05', 'Divecenter', 'Nuevo');


-- Equipo_Asignado_Curso
INSERT INTO Equipo_Asignado_Curso (Id_Equipo, Id_Alumno_Cursando, Fecha)
VALUES   
(1, 1, '2023-01-20'), 
(2, 1, '2023-02-10'), 
(3, 6, '2023-03-25'), 
(4, 7, '2023-04-15'), 
(5, 8, '2023-05-20'), 
(6, 9, '2023-06-30'), 
(7, 10, '2023-06-30'), 
(8, 11, '2023-06-30'), 
(9, 12, '2023-06-30'), 
(10, 13, '2023-06-30'),
(11, 14, '2023-06-30'), 
(12, 15, '2023-06-30'), 
(13, 16, '2023-06-30'), 
(14, 17, '2023-06-30'),
(15, 18, '2023-07-10'),
(16, 19, '2023-07-10'),
(17, 20, '2023-08-25'), 
(18, 21, '2023-08-25'), 
(19, 22, '2023-08-25'), 
(20, 23, '2023-08-25'), 
(21, 24, '2023-08-25'),
(22, 25, '2023-08-25'), 
(23, 26, '2023-08-25'), 
(24, 27, '2023-08-25'),
(25, 28, '2023-07-10');


